tx_id,user_id,transaction_type,amount,channel,velocity_10m,timestamp,label_fraud
TX000000,admin,transfer,219.59,ach,0,2026-04-12 10:47:00,0
TX000001,admin,deposit,257.78,branch,1,2026-04-11 16:41:00,0
TX000002,emp_finance02,payment,2239.96,mobile,2,2026-04-18 14:09:00,0
TX000003,admin,transfer,39967.31,wire,6,2026-04-11 01:29:00,1
TX000004,emp_finance01,withdrawal,32745.11,atm,9,2026-04-11 23:04:00,1
TX000005,user01,withdrawal,11465.93,atm,3,2026-04-12 12:53:00,0
TX000006,emp_finance02,withdrawal,5368.0,wire,1,2026-04-14 17:46:00,0
TX000007,emp_finance01,payment,7916.4,wire,0,2026-04-19 13:52:00,0
TX000008,analyst,withdrawal,11771.64,atm,3,2026-04-16 11:56:00,0
TX000009,emp_finance02,deposit,29786.25,mobile,12,2026-04-17 23:14:00,1
TX000010,admin,deposit,6891.6,ach,0,2026-04-16 14:24:00,0
TX000011,user01,transfer,4434.74,atm,2,2026-04-10 16:41:00,0
TX000012,emp_finance01,payment,11815.26,ach,1,2026-04-14 16:58:00,0
TX000013,emp_finance01,payment,1239.66,atm,2,2026-04-15 17:01:00,0
TX000014,admin,withdrawal,1942.16,branch,3,2026-04-09 09:04:00,0
TX000015,analyst,payment,8660.51,wire,1,2026-04-11 11:19:00,0
TX000016,emp_finance02,withdrawal,3622.86,mobile,0,2026-04-13 13:35:00,0
TX000017,emp_finance02,payment,174376.11,wire,11,2026-04-21 01:32:00,1
TX000018,emp_finance02,transfer,11742.06,mobile,3,2026-04-10 11:26:00,0
TX000019,user01,transfer,2847.29,branch,0,2026-04-16 09:46:00,0
TX000020,emp_finance01,deposit,4299.56,ach,3,2026-04-19 12:55:00,0
TX000021,analyst,deposit,178689.7,branch,9,2026-04-20 02:26:00,1
TX000022,analyst,payment,7221.49,wire,2,2026-04-08 14:50:00,0
TX000023,emp_finance01,transfer,11133.45,atm,1,2026-04-18 10:13:00,0
TX000024,emp_finance02,transfer,164756.41,ach,14,2026-04-21 02:54:00,1
TX000025,emp_finance01,deposit,221672.94,ach,15,2026-04-22 23:39:00,1
TX000026,user01,deposit,9043.06,atm,2,2026-04-16 11:08:00,0
TX000027,emp_finance02,payment,7487.16,mobile,1,2026-04-14 09:16:00,0
TX000028,admin,payment,8630.99,mobile,0,2026-04-12 17:52:00,0
TX000029,admin,withdrawal,1091.64,atm,1,2026-04-18 16:18:00,0
TX000030,analyst,payment,9055.94,mobile,0,2026-04-21 12:40:00,0
TX000031,analyst,transfer,33024.74,mobile,13,2026-04-14 03:45:00,1
TX000032,emp_finance02,deposit,226036.81,branch,11,2026-04-13 01:35:00,1
TX000033,emp_finance01,payment,119753.56,ach,9,2026-04-12 04:15:00,1
TX000034,emp_finance02,deposit,3262.89,mobile,1,2026-04-10 11:51:00,0
TX000035,emp_finance01,deposit,37818.75,mobile,9,2026-04-18 01:10:00,1
TX000036,emp_finance02,withdrawal,11266.35,mobile,2,2026-04-09 13:50:00,0
TX000037,analyst,payment,3199.76,mobile,2,2026-04-12 12:32:00,0
TX000038,user01,payment,17892.74,wire,7,2026-04-13 02:27:00,1
TX000039,emp_finance01,withdrawal,4101.16,atm,0,2026-04-11 12:27:00,0
TX000040,analyst,payment,11683.08,wire,2,2026-04-14 09:19:00,0
TX000041,emp_finance01,payment,8767.36,atm,2,2026-04-16 10:35:00,0
TX000042,emp_finance02,deposit,10426.65,branch,3,2026-04-15 15:43:00,0
TX000043,emp_finance02,withdrawal,10655.42,branch,1,2026-04-12 09:19:00,0
TX000044,admin,withdrawal,95192.72,wire,12,2026-04-08 22:40:00,1
TX000045,admin,deposit,1967.0,mobile,3,2026-04-19 09:11:00,0
TX000046,analyst,deposit,7341.41,ach,2,2026-04-10 15:57:00,0
TX000047,user01,deposit,11445.98,branch,1,2026-04-09 12:40:00,0
TX000048,emp_finance01,withdrawal,9142.91,branch,2,2026-04-08 13:34:00,0
TX000049,analyst,deposit,5557.72,mobile,3,2026-04-17 14:34:00,0
TX000050,user01,payment,3372.75,wire,3,2026-04-15 17:00:00,0
TX000051,analyst,transfer,7628.37,wire,1,2026-04-18 15:27:00,0
TX000052,emp_finance01,deposit,5439.55,ach,1,2026-04-13 15:34:00,0
TX000053,analyst,payment,236.27,branch,1,2026-04-22 15:16:00,0
TX000054,analyst,transfer,11518.56,ach,2,2026-04-09 14:05:00,0
TX000055,emp_finance02,withdrawal,240143.54,mobile,6,2026-04-10 01:01:00,1
TX000056,user01,payment,1923.59,branch,1,2026-04-15 17:44:00,0
TX000057,user01,deposit,7710.6,wire,0,2026-04-13 12:01:00,0
TX000058,admin,transfer,1602.67,ach,2,2026-04-09 09:43:00,0
TX000059,analyst,deposit,9713.51,mobile,2,2026-04-22 09:54:00,0
TX000060,admin,payment,11566.3,ach,3,2026-04-20 10:46:00,0
TX000061,emp_finance02,transfer,9933.99,atm,2,2026-04-17 17:54:00,0
TX000062,user01,withdrawal,9858.83,wire,0,2026-04-15 13:54:00,0
TX000063,emp_finance01,withdrawal,9361.36,wire,0,2026-04-14 16:12:00,0
TX000064,emp_finance02,deposit,10762.44,branch,0,2026-04-21 15:18:00,0
TX000065,analyst,payment,9893.04,atm,2,2026-04-17 14:44:00,0
TX000066,analyst,payment,982.83,ach,1,2026-04-19 16:13:00,0
TX000067,emp_finance02,payment,4206.6,mobile,2,2026-04-19 11:23:00,0
TX000068,analyst,transfer,1030.13,mobile,2,2026-04-11 16:08:00,0
TX000069,emp_finance01,transfer,3765.79,wire,2,2026-04-09 08:30:00,0
TX000070,emp_finance01,deposit,4624.63,ach,2,2026-04-21 10:15:00,0
TX000071,admin,deposit,11102.77,atm,3,2026-04-18 15:55:00,0
TX000072,emp_finance01,withdrawal,500.64,branch,1,2026-04-18 11:42:00,0
TX000073,emp_finance01,withdrawal,12088.3,atm,15,2026-04-15 00:18:00,1
TX000074,admin,withdrawal,5629.84,branch,1,2026-04-16 12:07:00,0
TX000075,analyst,payment,6616.52,wire,2,2026-04-15 12:07:00,0
TX000076,user01,payment,4013.77,mobile,0,2026-04-08 17:27:00,0
TX000077,emp_finance02,deposit,242191.78,ach,10,2026-04-13 01:02:00,1
TX000078,analyst,payment,8725.96,atm,0,2026-04-15 15:22:00,0
TX000079,admin,transfer,9319.21,wire,3,2026-04-09 12:48:00,0
TX000080,admin,deposit,15825.41,wire,14,2026-04-09 01:00:00,1
TX000081,emp_finance02,payment,32546.92,ach,13,2026-04-10 00:03:00,1
TX000082,emp_finance02,withdrawal,41067.94,atm,6,2026-04-12 02:38:00,1
TX000083,emp_finance02,deposit,4426.97,atm,0,2026-04-12 15:53:00,0
TX000084,analyst,withdrawal,11338.9,ach,3,2026-04-14 11:09:00,0
TX000085,admin,payment,11456.11,mobile,2,2026-04-08 14:50:00,0
TX000086,user01,payment,10347.75,ach,3,2026-04-14 10:30:00,0
TX000087,analyst,transfer,3030.14,atm,3,2026-04-19 11:54:00,0
TX000088,admin,payment,11245.64,mobile,3,2026-04-22 10:08:00,0
TX000089,emp_finance02,transfer,10103.8,wire,1,2026-04-16 08:55:00,0
TX000090,admin,deposit,10493.04,atm,2,2026-04-09 09:43:00,0
TX000091,user01,withdrawal,7101.76,mobile,0,2026-04-19 17:40:00,0
TX000092,emp_finance01,transfer,805.58,atm,1,2026-04-11 15:19:00,0
TX000093,emp_finance02,withdrawal,2361.07,branch,3,2026-04-13 11:43:00,0
TX000094,analyst,payment,223522.12,wire,15,2026-04-20 22:14:00,1
TX000095,user01,payment,11218.53,wire,1,2026-04-21 16:28:00,0
TX000096,admin,payment,9208.49,ach,0,2026-04-19 15:24:00,0
TX000097,emp_finance01,deposit,8087.76,atm,0,2026-04-13 12:55:00,0
TX000098,emp_finance02,transfer,1856.34,mobile,2,2026-04-12 11:48:00,0
TX000099,analyst,withdrawal,3537.77,branch,2,2026-04-17 09:47:00,0
TX000100,analyst,payment,44059.16,atm,8,2026-04-18 01:58:00,1
TX000101,analyst,transfer,3757.28,atm,2,2026-04-21 14:50:00,0
TX000102,user01,transfer,10691.31,branch,3,2026-04-09 17:40:00,0
TX000103,analyst,payment,11772.68,wire,1,2026-04-12 17:04:00,0
TX000104,admin,withdrawal,13228.0,wire,7,2026-04-19 02:56:00,1
TX000105,emp_finance01,deposit,10972.56,ach,1,2026-04-08 17:26:00,0
TX000106,user01,transfer,8130.87,atm,3,2026-04-15 11:15:00,0
TX000107,analyst,transfer,9434.7,branch,1,2026-04-21 12:54:00,0
TX000108,emp_finance02,transfer,8085.43,ach,1,2026-04-10 11:36:00,0
TX000109,emp_finance02,withdrawal,11478.78,ach,0,2026-04-18 10:54:00,0
TX000110,emp_finance02,payment,1412.49,mobile,0,2026-04-17 10:50:00,0
TX000111,user01,transfer,55741.8,wire,7,2026-04-15 00:28:00,1
TX000112,analyst,deposit,8173.46,mobile,0,2026-04-22 15:30:00,0
TX000113,user01,payment,7279.41,wire,1,2026-04-21 13:08:00,0
TX000114,admin,withdrawal,9814.86,wire,0,2026-04-09 09:41:00,0
TX000115,user01,deposit,9355.73,atm,3,2026-04-11 14:06:00,0
TX000116,emp_finance01,deposit,8610.56,mobile,0,2026-04-09 09:05:00,0
TX000117,analyst,payment,2993.72,wire,2,2026-04-12 17:07:00,0
TX000118,emp_finance02,withdrawal,11873.59,wire,0,2026-04-13 13:32:00,0
TX000119,analyst,transfer,11381.49,ach,2,2026-04-13 09:14:00,0
TX000120,user01,transfer,6639.1,branch,2,2026-04-08 12:21:00,0
TX000121,emp_finance02,deposit,4539.24,wire,0,2026-04-11 08:33:00,0
TX000122,emp_finance02,withdrawal,9246.55,ach,0,2026-04-08 17:03:00,0
TX000123,user01,withdrawal,26622.73,ach,15,2026-04-15 22:26:00,1
TX000124,analyst,transfer,21347.13,mobile,10,2026-04-22 23:14:00,1
TX000125,analyst,deposit,11069.4,branch,2,2026-04-21 12:00:00,0
TX000126,emp_finance01,deposit,19593.65,mobile,12,2026-04-09 02:47:00,1
TX000127,analyst,payment,9252.24,mobile,3,2026-04-11 17:40:00,0
TX000128,emp_finance01,withdrawal,8687.49,wire,0,2026-04-16 13:54:00,0
TX000129,emp_finance02,transfer,9583.07,ach,1,2026-04-17 13:49:00,0
TX000130,emp_finance02,payment,8775.61,branch,1,2026-04-19 13:06:00,0
TX000131,admin,deposit,76338.31,ach,13,2026-04-15 03:48:00,1
TX000132,analyst,payment,9292.83,atm,3,2026-04-21 10:30:00,0
TX000133,user01,transfer,8296.76,mobile,0,2026-04-22 15:23:00,0
TX000134,analyst,withdrawal,4066.4,mobile,1,2026-04-17 15:38:00,0
TX000135,analyst,deposit,6491.52,ach,1,2026-04-22 16:15:00,0
TX000136,admin,transfer,9491.41,atm,3,2026-04-10 14:21:00,0
TX000137,user01,transfer,34386.52,ach,15,2026-04-09 04:09:00,1
TX000138,analyst,payment,9240.93,branch,0,2026-04-18 10:35:00,0
TX000139,user01,withdrawal,6635.09,branch,2,2026-04-22 14:23:00,0
TX000140,emp_finance01,transfer,6133.93,atm,0,2026-04-18 10:54:00,0
TX000141,admin,withdrawal,4951.89,wire,1,2026-04-09 10:44:00,0
TX000142,analyst,withdrawal,35746.33,ach,10,2026-04-10 23:47:00,1
TX000143,user01,deposit,7725.46,ach,3,2026-04-15 13:49:00,0
TX000144,user01,transfer,7730.82,ach,0,2026-04-12 12:30:00,0
TX000145,emp_finance01,withdrawal,11052.47,wire,1,2026-04-09 15:27:00,0
TX000146,emp_finance01,payment,9659.59,branch,2,2026-04-19 16:24:00,0
TX000147,user01,deposit,39692.82,branch,8,2026-04-20 01:02:00,1
TX000148,emp_finance02,deposit,3763.5,mobile,2,2026-04-19 08:53:00,0
TX000149,analyst,transfer,1916.37,ach,3,2026-04-21 14:07:00,0
TX000150,analyst,withdrawal,5753.98,mobile,2,2026-04-19 17:36:00,0
TX000151,analyst,payment,2897.62,atm,3,2026-04-22 14:40:00,0
TX000152,user01,payment,2869.61,branch,2,2026-04-20 09:02:00,0
TX000153,analyst,transfer,11923.28,atm,1,2026-04-21 10:45:00,0
TX000154,analyst,payment,11543.16,mobile,3,2026-04-09 12:34:00,0
TX000155,user01,deposit,1545.01,wire,2,2026-04-21 13:51:00,0
TX000156,admin,payment,7159.21,mobile,3,2026-04-17 15:59:00,0
TX000157,emp_finance01,payment,649.84,atm,2,2026-04-17 16:06:00,0
TX000158,user01,deposit,9704.46,atm,3,2026-04-22 13:46:00,0
TX000159,admin,deposit,8229.43,mobile,1,2026-04-22 13:09:00,0
TX000160,emp_finance02,deposit,33290.37,atm,15,2026-04-22 22:38:00,1
TX000161,emp_finance02,transfer,10295.69,mobile,2,2026-04-12 14:17:00,0
TX000162,emp_finance02,payment,4002.37,wire,2,2026-04-11 12:28:00,0
TX000163,user01,payment,1103.11,mobile,0,2026-04-10 15:43:00,0
TX000164,emp_finance01,withdrawal,2337.09,branch,2,2026-04-14 10:14:00,0
TX000165,emp_finance01,transfer,9443.59,atm,1,2026-04-13 15:56:00,0
TX000166,emp_finance01,deposit,9914.66,wire,0,2026-04-20 14:20:00,0
TX000167,emp_finance01,transfer,2769.23,ach,3,2026-04-14 10:58:00,0
TX000168,emp_finance01,payment,78754.7,branch,14,2026-04-08 04:18:00,1
TX000169,emp_finance02,withdrawal,8500.68,branch,0,2026-04-14 17:41:00,0
TX000170,admin,payment,5770.65,branch,0,2026-04-22 08:41:00,0
TX000171,analyst,withdrawal,10555.96,wire,2,2026-04-12 16:19:00,0
TX000172,user01,withdrawal,8239.65,atm,3,2026-04-15 14:13:00,0
TX000173,admin,transfer,11952.09,atm,1,2026-04-10 14:23:00,0
TX000174,admin,deposit,997.72,branch,0,2026-04-18 09:24:00,0
TX000175,analyst,deposit,11253.91,atm,1,2026-04-15 11:32:00,0
TX000176,emp_finance01,transfer,9572.97,atm,1,2026-04-13 11:22:00,0
TX000177,analyst,withdrawal,10617.04,atm,0,2026-04-09 12:06:00,0
TX000178,user01,transfer,9463.75,wire,1,2026-04-17 08:35:00,0
TX000179,user01,payment,6119.94,branch,0,2026-04-16 10:23:00,0
TX000180,analyst,deposit,4082.8,branch,1,2026-04-11 08:21:00,0
TX000181,user01,payment,9311.86,ach,3,2026-04-13 10:47:00,0
TX000182,emp_finance01,deposit,10834.96,ach,0,2026-04-17 15:21:00,0
TX000183,admin,withdrawal,7192.16,mobile,3,2026-04-18 17:41:00,0
TX000184,emp_finance01,withdrawal,10516.1,mobile,1,2026-04-22 10:36:00,0
TX000185,emp_finance01,withdrawal,3361.87,ach,3,2026-04-09 14:54:00,0
TX000186,admin,payment,10648.91,ach,1,2026-04-15 13:58:00,0
TX000187,user01,payment,10883.7,branch,3,2026-04-19 17:15:00,0
TX000188,admin,payment,7858.44,atm,2,2026-04-15 15:22:00,0
TX000189,emp_finance02,payment,24529.91,mobile,11,2026-04-10 01:51:00,1
TX000190,admin,payment,9385.45,ach,3,2026-04-19 12:12:00,0
TX000191,admin,withdrawal,1115.44,branch,0,2026-04-12 11:57:00,0
TX000192,emp_finance02,deposit,129726.78,wire,8,2026-04-22 00:35:00,1
TX000193,emp_finance01,withdrawal,11855.66,ach,0,2026-04-08 12:49:00,0
TX000194,emp_finance01,deposit,6805.66,wire,1,2026-04-08 14:58:00,0
TX000195,admin,transfer,11489.16,atm,0,2026-04-18 08:36:00,0
TX000196,emp_finance01,payment,10173.2,branch,3,2026-04-18 10:12:00,0
TX000197,emp_finance02,withdrawal,5193.32,ach,2,2026-04-13 13:43:00,0
TX000198,emp_finance02,withdrawal,11307.96,wire,3,2026-04-12 09:06:00,0
TX000199,admin,transfer,1999.42,atm,2,2026-04-17 15:19:00,0
TX000200,admin,payment,5548.29,mobile,2,2026-04-20 15:25:00,0
TX000201,analyst,payment,7526.27,wire,1,2026-04-15 11:09:00,0
TX000202,admin,payment,7304.12,mobile,0,2026-04-14 11:28:00,0
TX000203,admin,deposit,915.43,mobile,1,2026-04-20 17:20:00,0
TX000204,analyst,deposit,9955.31,ach,3,2026-04-20 08:32:00,0
TX000205,emp_finance02,transfer,139787.55,mobile,10,2026-04-09 22:00:00,1
TX000206,analyst,withdrawal,5609.07,branch,3,2026-04-22 09:18:00,0
TX000207,analyst,deposit,10583.52,mobile,3,2026-04-15 13:55:00,0
TX000208,admin,withdrawal,10157.2,branch,1,2026-04-14 09:25:00,0
TX000209,emp_finance02,withdrawal,11913.96,wire,3,2026-04-14 16:24:00,0
TX000210,emp_finance01,withdrawal,2219.68,branch,3,2026-04-13 08:49:00,0
TX000211,emp_finance02,withdrawal,166758.55,mobile,6,2026-04-16 03:28:00,1
TX000212,user01,withdrawal,19727.33,atm,15,2026-04-10 23:43:00,1
TX000213,admin,withdrawal,10085.0,wire,2,2026-04-22 12:35:00,0
TX000214,analyst,withdrawal,9377.66,atm,2,2026-04-11 16:26:00,0
TX000215,emp_finance01,deposit,6040.24,wire,1,2026-04-10 12:29:00,0
TX000216,user01,transfer,1090.06,ach,0,2026-04-08 13:28:00,0
TX000217,admin,withdrawal,1540.04,wire,1,2026-04-10 09:48:00,0
TX000218,analyst,withdrawal,7258.12,ach,1,2026-04-11 11:07:00,0
TX000219,user01,payment,8957.32,atm,3,2026-04-15 12:34:00,0
TX000220,analyst,transfer,9864.02,ach,1,2026-04-17 13:20:00,0
TX000221,emp_finance02,deposit,8064.88,ach,1,2026-04-19 12:21:00,0
TX000222,analyst,deposit,10618.43,branch,3,2026-04-11 12:41:00,0
TX000223,emp_finance01,transfer,8559.83,mobile,0,2026-04-14 10:02:00,0
TX000224,user01,transfer,6743.51,ach,1,2026-04-14 08:29:00,0
TX000225,analyst,transfer,11651.01,mobile,0,2026-04-14 08:35:00,0
TX000226,emp_finance02,transfer,2212.43,mobile,3,2026-04-10 16:58:00,0
TX000227,emp_finance01,payment,10479.12,wire,2,2026-04-10 13:25:00,0
TX000228,analyst,deposit,10788.95,ach,0,2026-04-21 09:25:00,0
TX000229,user01,transfer,5101.25,ach,3,2026-04-12 15:50:00,0
TX000230,user01,transfer,11605.09,branch,0,2026-04-08 12:04:00,0
TX000231,admin,withdrawal,2529.59,ach,0,2026-04-18 14:10:00,0
TX000232,emp_finance01,payment,11586.1,mobile,1,2026-04-10 14:44:00,0
TX000233,user01,deposit,14508.6,wire,11,2026-04-22 01:40:00,1
TX000234,admin,payment,4433.24,branch,3,2026-04-21 17:49:00,0
TX000235,emp_finance01,transfer,674.66,atm,2,2026-04-17 14:06:00,0
TX000236,admin,deposit,6095.54,mobile,3,2026-04-15 10:35:00,0
TX000237,analyst,deposit,15071.12,mobile,12,2026-04-22 01:18:00,1
TX000238,emp_finance02,withdrawal,4485.1,atm,1,2026-04-12 17:24:00,0
TX000239,emp_finance01,payment,8253.07,atm,3,2026-04-18 12:30:00,0
TX000240,emp_finance01,deposit,5772.78,atm,0,2026-04-20 15:19:00,0
TX000241,admin,withdrawal,11448.79,atm,3,2026-04-09 13:52:00,0
TX000242,analyst,withdrawal,8803.41,atm,3,2026-04-17 10:18:00,0
TX000243,emp_finance02,transfer,6535.63,wire,1,2026-04-13 17:34:00,0
TX000244,user01,withdrawal,1692.99,atm,3,2026-04-20 14:40:00,0
TX000245,admin,deposit,5727.59,ach,3,2026-04-13 15:25:00,0
TX000246,user01,withdrawal,243527.75,ach,9,2026-04-12 02:42:00,1
TX000247,emp_finance01,transfer,34356.57,mobile,11,2026-04-10 01:27:00,1
TX000248,admin,withdrawal,4095.2,atm,2,2026-04-16 15:29:00,0
TX000249,user01,deposit,3872.51,branch,1,2026-04-17 09:19:00,0
TX000250,emp_finance01,transfer,8390.49,atm,0,2026-04-18 13:02:00,0
TX000251,user01,deposit,5423.57,wire,1,2026-04-14 16:10:00,0
TX000252,emp_finance02,deposit,8737.81,ach,0,2026-04-11 14:39:00,0
TX000253,admin,withdrawal,8859.18,atm,0,2026-04-10 09:55:00,0
TX000254,admin,deposit,9049.41,ach,2,2026-04-13 16:24:00,0
TX000255,admin,transfer,117156.91,branch,10,2026-04-08 01:39:00,1
TX000256,emp_finance02,deposit,8467.8,wire,3,2026-04-16 10:38:00,0
TX000257,emp_finance02,withdrawal,5091.3,atm,1,2026-04-15 16:18:00,0
TX000258,analyst,deposit,4962.89,wire,1,2026-04-19 15:52:00,0
TX000259,emp_finance02,payment,11359.57,mobile,0,2026-04-13 10:01:00,0
TX000260,emp_finance01,transfer,8672.84,atm,3,2026-04-14 17:32:00,0
TX000261,emp_finance02,payment,6589.8,mobile,1,2026-04-16 15:06:00,0
TX000262,admin,payment,11266.91,ach,1,2026-04-19 09:51:00,0
TX000263,admin,payment,1344.53,ach,0,2026-04-13 11:22:00,0
TX000264,emp_finance01,withdrawal,10816.22,wire,2,2026-04-09 17:32:00,0
TX000265,user01,withdrawal,7940.04,wire,1,2026-04-20 10:45:00,0
TX000266,emp_finance01,deposit,9074.87,ach,3,2026-04-21 14:40:00,0
TX000267,emp_finance01,deposit,11509.27,atm,2,2026-04-13 15:00:00,0
TX000268,user01,payment,9590.86,ach,3,2026-04-18 11:20:00,0
TX000269,analyst,transfer,9941.35,mobile,0,2026-04-21 08:40:00,0
TX000270,user01,withdrawal,9826.07,atm,1,2026-04-08 11:41:00,0
TX000271,emp_finance02,deposit,118889.25,mobile,12,2026-04-12 02:19:00,1
TX000272,analyst,transfer,28.67,mobile,1,2026-04-14 17:43:00,0
TX000273,analyst,transfer,11952.62,mobile,3,2026-04-21 10:14:00,0
TX000274,emp_finance02,transfer,21875.43,ach,8,2026-04-12 01:43:00,1
TX000275,admin,deposit,8656.47,branch,1,2026-04-08 11:26:00,0
TX000276,emp_finance02,withdrawal,36830.71,atm,12,2026-04-17 04:50:00,1
TX000277,admin,withdrawal,10404.0,wire,2,2026-04-19 08:33:00,0
TX000278,analyst,transfer,455.46,ach,3,2026-04-21 15:15:00,0
TX000279,admin,deposit,9444.39,atm,3,2026-04-09 10:53:00,0
TX000280,emp_finance02,transfer,1398.71,mobile,0,2026-04-22 08:16:00,0
TX000281,admin,withdrawal,9145.95,atm,3,2026-04-21 14:40:00,0
TX000282,emp_finance01,payment,61199.42,wire,11,2026-04-16 23:37:00,1
TX000283,admin,transfer,6774.82,atm,0,2026-04-15 14:39:00,0
TX000284,user01,payment,5271.26,branch,0,2026-04-20 10:31:00,0
TX000285,user01,transfer,6003.22,atm,2,2026-04-10 08:27:00,0
TX000286,admin,withdrawal,8308.28,atm,2,2026-04-22 16:31:00,0
TX000287,emp_finance01,withdrawal,203532.44,mobile,14,2026-04-22 03:02:00,1
TX000288,emp_finance02,deposit,3076.18,atm,3,2026-04-19 16:20:00,0
TX000289,emp_finance01,deposit,641.54,mobile,1,2026-04-10 10:33:00,0
TX000290,emp_finance01,payment,11094.11,branch,0,2026-04-14 13:29:00,0
TX000291,emp_finance02,withdrawal,6280.37,branch,2,2026-04-13 15:31:00,0
TX000292,analyst,payment,19688.93,mobile,6,2026-04-17 00:00:00,1
TX000293,emp_finance02,deposit,7865.26,atm,2,2026-04-21 10:02:00,0
TX000294,emp_finance01,deposit,5988.24,branch,0,2026-04-13 14:36:00,0
TX000295,emp_finance02,transfer,9260.04,branch,2,2026-04-15 13:17:00,0
TX000296,analyst,transfer,202880.06,ach,13,2026-04-15 03:20:00,1
TX000297,user01,transfer,9807.67,branch,0,2026-04-21 12:10:00,0
TX000298,user01,payment,2635.79,branch,3,2026-04-14 13:03:00,0
TX000299,emp_finance02,transfer,127900.41,mobile,13,2026-04-21 02:51:00,1
TX000300,emp_finance01,payment,205096.8,mobile,12,2026-04-17 01:43:00,1
TX000301,user01,transfer,41782.37,mobile,8,2026-04-21 01:57:00,1
TX000302,analyst,withdrawal,11696.53,atm,3,2026-04-22 14:24:00,0
TX000303,analyst,deposit,1513.47,ach,1,2026-04-12 08:18:00,0
TX000304,admin,transfer,9532.06,wire,1,2026-04-12 11:51:00,0
TX000305,emp_finance02,transfer,10178.07,atm,2,2026-04-16 13:17:00,0
TX000306,admin,withdrawal,11242.76,branch,3,2026-04-14 08:22:00,0
TX000307,analyst,payment,179657.21,branch,9,2026-04-13 01:54:00,1
TX000308,user01,withdrawal,38604.94,ach,6,2026-04-11 23:44:00,1
TX000309,emp_finance01,transfer,11241.6,mobile,2,2026-04-20 16:31:00,0
TX000310,user01,withdrawal,1766.1,atm,1,2026-04-10 13:08:00,0
TX000311,user01,transfer,75280.96,atm,7,2026-04-09 01:33:00,1
TX000312,analyst,deposit,10344.07,atm,2,2026-04-20 12:10:00,0
TX000313,analyst,payment,34887.49,atm,15,2026-04-09 03:11:00,1
TX000314,admin,payment,43310.01,ach,15,2026-04-22 01:11:00,1
TX000315,user01,withdrawal,4533.09,mobile,0,2026-04-19 13:22:00,0
TX000316,emp_finance02,transfer,10917.14,atm,0,2026-04-18 15:13:00,0
TX000317,analyst,deposit,8005.12,wire,3,2026-04-20 15:56:00,0
TX000318,emp_finance01,payment,3015.27,mobile,3,2026-04-21 10:51:00,0
TX000319,admin,transfer,7614.26,atm,1,2026-04-11 14:04:00,0
TX000320,analyst,withdrawal,4916.88,mobile,1,2026-04-13 14:56:00,0
TX000321,emp_finance01,transfer,18269.48,wire,10,2026-04-18 00:15:00,1
TX000322,admin,deposit,8614.36,branch,3,2026-04-21 08:18:00,0
TX000323,analyst,deposit,87425.36,wire,7,2026-04-18 22:50:00,1
TX000324,user01,withdrawal,10567.47,wire,2,2026-04-08 10:24:00,0
TX000325,emp_finance01,transfer,20692.23,atm,6,2026-04-20 23:48:00,1
TX000326,admin,deposit,3323.61,ach,0,2026-04-09 16:24:00,0
TX000327,emp_finance01,withdrawal,7492.16,mobile,2,2026-04-21 15:25:00,0
TX000328,analyst,transfer,3603.34,wire,1,2026-04-20 11:02:00,0
TX000329,admin,deposit,8591.51,ach,0,2026-04-21 13:24:00,0
TX000330,emp_finance02,withdrawal,2224.08,ach,3,2026-04-21 17:26:00,0
TX000331,admin,payment,6071.85,wire,0,2026-04-10 17:18:00,0
TX000332,emp_finance02,deposit,10288.09,mobile,1,2026-04-18 08:25:00,0
TX000333,emp_finance01,payment,7034.08,atm,2,2026-04-08 15:23:00,0
TX000334,analyst,payment,6745.92,atm,1,2026-04-18 11:47:00,0
TX000335,admin,payment,8357.15,mobile,3,2026-04-11 11:31:00,0
TX000336,emp_finance02,transfer,9244.49,branch,0,2026-04-20 10:12:00,0
TX000337,admin,deposit,55364.65,mobile,11,2026-04-09 04:29:00,1
TX000338,user01,payment,9955.15,branch,3,2026-04-13 10:35:00,0
TX000339,emp_finance02,withdrawal,2084.11,branch,0,2026-04-16 12:03:00,0
TX000340,emp_finance01,deposit,9076.33,branch,0,2026-04-09 16:49:00,0
TX000341,user01,deposit,8033.85,wire,2,2026-04-11 17:45:00,0
TX000342,emp_finance01,payment,8872.84,ach,3,2026-04-13 16:06:00,0
TX000343,user01,payment,4880.22,atm,0,2026-04-17 15:17:00,0
TX000344,admin,deposit,7618.46,atm,1,2026-04-08 10:03:00,0
TX000345,emp_finance01,withdrawal,10621.6,atm,3,2026-04-16 12:24:00,0
TX000346,admin,withdrawal,10138.54,atm,2,2026-04-09 13:10:00,0
TX000347,emp_finance02,payment,71228.55,branch,11,2026-04-12 00:05:00,1
TX000348,analyst,transfer,11152.36,wire,2,2026-04-13 13:18:00,0
TX000349,analyst,payment,175051.33,wire,9,2026-04-14 22:07:00,1
TX000350,analyst,withdrawal,220119.15,atm,12,2026-04-13 04:57:00,1
TX000351,emp_finance01,deposit,8323.25,atm,2,2026-04-12 10:03:00,0
TX000352,analyst,deposit,6192.87,wire,0,2026-04-20 15:39:00,0
TX000353,admin,withdrawal,3829.65,mobile,0,2026-04-08 13:20:00,0
TX000354,admin,payment,8995.29,branch,1,2026-04-21 12:24:00,0
TX000355,user01,deposit,43299.29,branch,14,2026-04-13 00:33:00,1
TX000356,emp_finance02,withdrawal,7213.04,branch,3,2026-04-22 10:14:00,0
TX000357,user01,transfer,8675.94,ach,3,2026-04-08 08:40:00,0
TX000358,analyst,transfer,5302.52,ach,0,2026-04-16 08:28:00,0
TX000359,admin,payment,5620.91,ach,3,2026-04-12 12:06:00,0
TX000360,emp_finance01,deposit,1114.56,branch,0,2026-04-18 16:07:00,0
TX000361,emp_finance01,deposit,6228.11,branch,3,2026-04-18 13:10:00,0
TX000362,analyst,withdrawal,3855.7,mobile,0,2026-04-09 09:36:00,0
TX000363,analyst,transfer,10894.3,mobile,3,2026-04-18 11:16:00,0
TX000364,emp_finance01,transfer,11408.99,mobile,3,2026-04-11 13:07:00,0
TX000365,emp_finance01,payment,8682.05,atm,2,2026-04-08 15:46:00,0
TX000366,emp_finance02,transfer,11849.24,branch,3,2026-04-10 14:26:00,0
TX000367,analyst,deposit,488.0,branch,3,2026-04-08 09:37:00,0
TX000368,analyst,deposit,6237.73,mobile,3,2026-04-21 15:56:00,0
TX000369,admin,transfer,179269.58,wire,11,2026-04-14 00:33:00,1
TX000370,emp_finance02,deposit,9383.0,wire,0,2026-04-22 10:41:00,0
TX000371,emp_finance02,deposit,617.42,wire,2,2026-04-22 13:32:00,0
TX000372,emp_finance01,deposit,9776.76,mobile,3,2026-04-15 09:20:00,0
TX000373,admin,payment,129529.4,ach,7,2026-04-10 01:38:00,1
TX000374,analyst,payment,9824.83,ach,0,2026-04-09 13:14:00,0
TX000375,emp_finance02,transfer,10866.63,atm,0,2026-04-21 15:48:00,0
TX000376,analyst,withdrawal,11199.65,wire,0,2026-04-08 09:10:00,0
TX000377,emp_finance02,payment,18188.93,mobile,13,2026-04-09 03:50:00,1
TX000378,admin,withdrawal,391.07,wire,3,2026-04-12 15:37:00,0
TX000379,admin,withdrawal,30256.47,ach,15,2026-04-15 01:59:00,1
TX000380,emp_finance02,payment,15417.28,wire,12,2026-04-16 23:38:00,1
TX000381,admin,payment,7764.52,ach,3,2026-04-13 10:44:00,0
TX000382,user01,payment,5700.76,branch,1,2026-04-13 11:45:00,0
TX000383,admin,deposit,11833.31,ach,2,2026-04-14 09:30:00,0
TX000384,emp_finance01,withdrawal,6781.46,atm,3,2026-04-20 08:03:00,0
TX000385,user01,withdrawal,9146.46,ach,0,2026-04-11 10:50:00,0
TX000386,admin,payment,211875.37,mobile,14,2026-04-16 00:15:00,1
TX000387,user01,withdrawal,11826.81,ach,0,2026-04-22 16:47:00,0
TX000388,emp_finance02,payment,6886.35,wire,1,2026-04-10 13:46:00,0
TX000389,emp_finance01,deposit,184945.06,atm,14,2026-04-21 00:24:00,1
TX000390,emp_finance02,transfer,10335.94,branch,2,2026-04-15 08:45:00,0
TX000391,user01,withdrawal,11094.64,branch,2,2026-04-21 15:50:00,0
TX000392,emp_finance02,payment,8637.48,atm,2,2026-04-19 09:56:00,0
TX000393,user01,deposit,11010.62,branch,0,2026-04-21 16:42:00,0
TX000394,emp_finance01,deposit,4917.33,atm,3,2026-04-08 13:50:00,0
TX000395,user01,withdrawal,11645.34,atm,3,2026-04-15 16:02:00,0
TX000396,emp_finance02,deposit,7586.73,mobile,1,2026-04-12 09:40:00,0
TX000397,user01,transfer,11514.55,mobile,1,2026-04-22 09:29:00,0
TX000398,analyst,deposit,81488.39,wire,9,2026-04-08 23:16:00,1
TX000399,admin,transfer,3475.54,ach,0,2026-04-12 16:46:00,0
TX000400,user01,deposit,218891.5,wire,10,2026-04-13 04:05:00,1
TX000401,admin,payment,5292.57,branch,3,2026-04-10 10:51:00,0
TX000402,emp_finance01,deposit,11861.46,ach,1,2026-04-21 08:02:00,0
TX000403,admin,withdrawal,8840.21,branch,3,2026-04-08 11:41:00,0
TX000404,admin,deposit,4942.74,ach,0,2026-04-09 10:48:00,0
TX000405,user01,withdrawal,182695.48,branch,15,2026-04-15 00:21:00,1
TX000406,user01,withdrawal,41703.91,ach,13,2026-04-17 22:39:00,1
TX000407,emp_finance02,deposit,6465.44,atm,2,2026-04-19 08:50:00,0
TX000408,user01,deposit,10931.89,ach,3,2026-04-17 15:49:00,0
TX000409,emp_finance02,payment,14705.13,mobile,8,2026-04-08 01:34:00,1
TX000410,emp_finance02,transfer,7139.0,ach,3,2026-04-10 17:37:00,0
TX000411,admin,payment,7154.01,branch,3,2026-04-19 13:57:00,0
TX000412,emp_finance02,deposit,4093.09,branch,1,2026-04-10 11:32:00,0
TX000413,emp_finance02,deposit,239485.93,branch,13,2026-04-17 00:02:00,1
TX000414,analyst,transfer,120734.21,mobile,11,2026-04-16 23:30:00,1
TX000415,analyst,payment,10814.95,ach,1,2026-04-16 12:41:00,0
TX000416,user01,deposit,10066.65,wire,3,2026-04-17 11:52:00,0
TX000417,user01,withdrawal,11528.14,branch,1,2026-04-21 10:32:00,0
TX000418,emp_finance01,deposit,2910.54,wire,3,2026-04-10 11:21:00,0
TX000419,admin,withdrawal,10589.04,branch,1,2026-04-22 08:08:00,0
TX000420,admin,deposit,332.74,ach,2,2026-04-08 10:11:00,0
TX000421,analyst,deposit,11514.04,branch,1,2026-04-15 09:38:00,0
TX000422,user01,deposit,3297.92,ach,2,2026-04-20 17:46:00,0
TX000423,admin,deposit,1853.91,branch,1,2026-04-14 08:55:00,0
TX000424,emp_finance02,transfer,1435.83,wire,0,2026-04-21 16:30:00,0
TX000425,analyst,payment,8173.75,ach,3,2026-04-10 11:49:00,0
TX000426,emp_finance02,transfer,7264.71,atm,1,2026-04-18 14:30:00,0
TX000427,analyst,withdrawal,4358.97,atm,0,2026-04-14 08:00:00,0
TX000428,admin,payment,9704.29,wire,3,2026-04-13 12:23:00,0
TX000429,analyst,payment,11135.15,atm,2,2026-04-14 10:35:00,0
TX000430,emp_finance02,transfer,6198.07,branch,1,2026-04-15 09:50:00,0
TX000431,emp_finance01,withdrawal,6292.93,wire,3,2026-04-12 10:00:00,0
TX000432,analyst,deposit,3494.31,ach,0,2026-04-13 13:02:00,0
TX000433,emp_finance02,payment,2306.02,branch,3,2026-04-15 10:00:00,0
TX000434,user01,withdrawal,167900.56,mobile,8,2026-04-12 23:02:00,1
TX000435,emp_finance02,transfer,9103.75,mobile,3,2026-04-16 13:37:00,0
TX000436,emp_finance02,deposit,10904.55,wire,2,2026-04-19 13:38:00,0
TX000437,user01,transfer,2103.64,ach,0,2026-04-14 16:18:00,0
TX000438,emp_finance02,payment,11252.59,wire,3,2026-04-13 15:30:00,0
TX000439,emp_finance02,withdrawal,11448.09,atm,2,2026-04-21 09:24:00,0
TX000440,user01,transfer,10142.61,ach,2,2026-04-21 11:25:00,0
TX000441,emp_finance02,withdrawal,9414.15,branch,1,2026-04-15 10:47:00,0
TX000442,emp_finance01,transfer,1670.09,mobile,2,2026-04-20 17:49:00,0
TX000443,analyst,payment,5314.12,wire,2,2026-04-13 15:20:00,0
TX000444,analyst,deposit,10044.53,ach,1,2026-04-22 11:33:00,0
TX000445,analyst,payment,116194.24,mobile,7,2026-04-11 22:33:00,1
TX000446,emp_finance02,payment,31173.27,branch,15,2026-04-09 04:16:00,1
TX000447,user01,payment,7669.04,wire,3,2026-04-19 15:26:00,0
TX000448,admin,deposit,1455.52,wire,2,2026-04-10 09:15:00,0
TX000449,emp_finance02,payment,10954.17,wire,1,2026-04-16 08:31:00,0
TX000450,user01,deposit,10271.34,mobile,1,2026-04-22 09:13:00,0
TX000451,user01,withdrawal,9443.85,ach,0,2026-04-16 13:07:00,0
TX000452,analyst,deposit,8698.16,mobile,2,2026-04-12 13:32:00,0
TX000453,admin,deposit,2306.46,mobile,2,2026-04-16 10:40:00,0
TX000454,analyst,payment,22344.91,wire,10,2026-04-13 00:41:00,1
TX000455,emp_finance01,withdrawal,10991.58,branch,1,2026-04-20 14:54:00,0
TX000456,emp_finance01,transfer,7524.69,wire,1,2026-04-16 11:06:00,0
TX000457,emp_finance01,deposit,230.39,atm,2,2026-04-13 09:09:00,0
TX000458,user01,payment,5905.99,wire,1,2026-04-22 10:02:00,0
TX000459,analyst,deposit,11739.43,ach,1,2026-04-13 10:38:00,0
TX000460,analyst,payment,11635.69,atm,1,2026-04-10 16:05:00,0
TX000461,emp_finance01,deposit,1262.63,wire,2,2026-04-15 13:34:00,0
TX000462,admin,deposit,6131.64,wire,2,2026-04-19 08:26:00,0
TX000463,emp_finance02,payment,10583.96,atm,2,2026-04-21 11:27:00,0
TX000464,emp_finance01,deposit,4264.92,ach,1,2026-04-20 09:18:00,0
TX000465,emp_finance01,withdrawal,9967.98,mobile,1,2026-04-22 08:34:00,0
TX000466,analyst,withdrawal,1017.81,atm,0,2026-04-20 11:00:00,0
TX000467,emp_finance02,transfer,9993.58,atm,0,2026-04-17 15:05:00,0
TX000468,emp_finance01,withdrawal,589.65,wire,3,2026-04-09 12:00:00,0
TX000469,emp_finance01,withdrawal,3554.83,wire,3,2026-04-11 11:49:00,0
TX000470,user01,withdrawal,7690.49,atm,0,2026-04-18 08:30:00,0
TX000471,emp_finance02,payment,6911.99,ach,3,2026-04-17 11:00:00,0
TX000472,emp_finance02,payment,206774.47,mobile,13,2026-04-11 23:38:00,1
TX000473,emp_finance02,transfer,10743.78,branch,0,2026-04-17 08:41:00,0
TX000474,analyst,payment,10233.4,branch,1,2026-04-22 15:44:00,0
TX000475,emp_finance02,payment,10826.5,atm,3,2026-04-19 16:36:00,0
TX000476,user01,payment,2217.09,wire,1,2026-04-15 09:18:00,0
TX000477,admin,withdrawal,175795.34,atm,15,2026-04-09 02:23:00,1
TX000478,emp_finance02,payment,10155.83,atm,3,2026-04-10 11:35:00,0
TX000479,emp_finance01,withdrawal,2589.75,mobile,1,2026-04-20 08:55:00,0
TX000480,emp_finance02,transfer,10284.05,mobile,2,2026-04-22 15:23:00,0
TX000481,analyst,payment,1685.73,mobile,0,2026-04-17 15:35:00,0
TX000482,emp_finance01,transfer,2141.21,branch,0,2026-04-19 12:33:00,0
TX000483,admin,deposit,1531.89,mobile,1,2026-04-14 17:47:00,0
TX000484,admin,deposit,10697.97,ach,1,2026-04-10 09:11:00,0
TX000485,user01,deposit,11993.73,wire,2,2026-04-14 13:20:00,0
TX000486,analyst,deposit,2601.14,mobile,2,2026-04-17 14:28:00,0
TX000487,emp_finance02,payment,7863.99,mobile,0,2026-04-18 12:14:00,0
TX000488,emp_finance02,withdrawal,7547.92,atm,0,2026-04-15 09:22:00,0
TX000489,emp_finance02,transfer,8931.98,atm,3,2026-04-13 09:58:00,0
TX000490,admin,deposit,1399.76,mobile,2,2026-04-22 17:46:00,0
TX000491,emp_finance02,transfer,9337.56,wire,0,2026-04-09 14:49:00,0
TX000492,emp_finance02,transfer,152498.59,wire,14,2026-04-11 04:14:00,1
TX000493,analyst,withdrawal,6027.66,branch,3,2026-04-18 11:50:00,0
TX000494,analyst,withdrawal,10981.26,branch,0,2026-04-16 12:32:00,0
TX000495,user01,deposit,1600.91,atm,1,2026-04-19 16:04:00,0
TX000496,user01,payment,8450.12,ach,2,2026-04-17 14:12:00,0
TX000497,analyst,transfer,8677.02,branch,3,2026-04-13 17:09:00,0
TX000498,emp_finance02,payment,3003.09,mobile,0,2026-04-19 09:39:00,0
TX000499,admin,withdrawal,9220.47,branch,2,2026-04-19 08:47:00,0
TX000500,admin,transfer,6007.83,atm,3,2026-04-13 08:57:00,0
TX000501,emp_finance01,deposit,38043.22,atm,13,2026-04-12 02:00:00,1
TX000502,analyst,withdrawal,7304.69,wire,2,2026-04-09 08:56:00,0
TX000503,admin,deposit,11615.49,ach,0,2026-04-20 17:12:00,0
TX000504,emp_finance02,transfer,8989.57,atm,3,2026-04-16 13:47:00,0
TX000505,emp_finance01,payment,9209.3,branch,2,2026-04-08 08:24:00,0
TX000506,admin,withdrawal,228920.94,wire,12,2026-04-14 00:43:00,1
TX000507,emp_finance02,withdrawal,11882.15,branch,1,2026-04-19 15:41:00,0
TX000508,admin,withdrawal,5646.99,atm,1,2026-04-12 14:59:00,0
TX000509,user01,deposit,154257.12,wire,8,2026-04-11 04:01:00,1
TX000510,emp_finance02,transfer,11286.79,ach,1,2026-04-21 10:08:00,0
TX000511,analyst,withdrawal,4852.72,ach,0,2026-04-17 11:05:00,0
TX000512,emp_finance02,withdrawal,3760.73,branch,3,2026-04-15 14:08:00,0
TX000513,emp_finance02,withdrawal,12495.47,mobile,9,2026-04-11 22:42:00,1
TX000514,emp_finance02,deposit,26496.41,wire,11,2026-04-09 00:29:00,1
TX000515,analyst,deposit,11297.31,mobile,0,2026-04-14 14:06:00,0
TX000516,emp_finance01,withdrawal,1980.86,atm,3,2026-04-14 16:48:00,0
TX000517,admin,transfer,11094.71,ach,1,2026-04-16 15:18:00,0
TX000518,admin,withdrawal,3719.36,wire,0,2026-04-20 16:49:00,0
TX000519,emp_finance02,transfer,3618.07,mobile,0,2026-04-18 15:20:00,0
TX000520,analyst,deposit,23977.13,mobile,14,2026-04-13 00:10:00,1
TX000521,emp_finance01,deposit,7299.78,atm,1,2026-04-20 10:49:00,0
TX000522,admin,payment,6153.67,mobile,1,2026-04-19 09:00:00,0
TX000523,admin,deposit,6846.18,wire,3,2026-04-19 17:13:00,0
TX000524,admin,withdrawal,653.65,mobile,2,2026-04-13 16:40:00,0
TX000525,emp_finance01,transfer,459.41,mobile,2,2026-04-17 08:58:00,0
TX000526,emp_finance01,payment,1442.42,atm,2,2026-04-08 15:02:00,0
TX000527,emp_finance02,transfer,8270.67,atm,0,2026-04-18 16:30:00,0
TX000528,admin,transfer,3321.79,wire,0,2026-04-21 17:36:00,0
TX000529,admin,payment,11152.74,branch,2,2026-04-18 14:33:00,0
TX000530,emp_finance02,payment,10916.74,branch,1,2026-04-08 15:39:00,0
TX000531,analyst,deposit,49917.29,mobile,9,2026-04-10 00:39:00,1
TX000532,emp_finance01,payment,4492.12,atm,2,2026-04-18 11:50:00,0
TX000533,admin,transfer,8024.53,branch,3,2026-04-11 13:36:00,0
TX000534,analyst,withdrawal,11689.12,wire,0,2026-04-12 15:08:00,0
TX000535,user01,transfer,9340.44,branch,2,2026-04-13 08:46:00,0
TX000536,emp_finance01,payment,11664.75,wire,1,2026-04-18 09:53:00,0
TX000537,user01,payment,10283.93,mobile,0,2026-04-09 10:50:00,0
TX000538,user01,withdrawal,11508.19,mobile,2,2026-04-19 15:33:00,0
TX000539,admin,withdrawal,318.41,branch,0,2026-04-10 15:30:00,0
TX000540,emp_finance01,withdrawal,11495.52,branch,1,2026-04-10 13:55:00,0
TX000541,admin,transfer,3685.76,atm,2,2026-04-08 08:02:00,0
TX000542,emp_finance02,payment,10082.31,branch,2,2026-04-12 08:57:00,0
TX000543,user01,transfer,9276.6,mobile,2,2026-04-20 09:10:00,0
TX000544,user01,withdrawal,8409.5,branch,2,2026-04-18 16:09:00,0
TX000545,emp_finance01,transfer,23178.38,wire,8,2026-04-22 02:30:00,1
TX000546,emp_finance02,transfer,17906.44,wire,11,2026-04-18 23:21:00,1
TX000547,analyst,deposit,11209.4,branch,3,2026-04-18 09:43:00,0
TX000548,user01,payment,11582.8,wire,3,2026-04-20 13:44:00,0
TX000549,user01,withdrawal,8451.55,ach,1,2026-04-18 15:49:00,0
TX000550,admin,deposit,38293.01,wire,7,2026-04-10 23:19:00,1
TX000551,emp_finance02,deposit,1923.83,wire,3,2026-04-21 15:21:00,0
TX000552,admin,deposit,2750.76,atm,3,2026-04-21 09:37:00,0
TX000553,admin,deposit,8704.7,atm,0,2026-04-12 09:52:00,0
TX000554,emp_finance02,deposit,5288.11,ach,0,2026-04-10 17:09:00,0
TX000555,user01,deposit,4932.27,atm,2,2026-04-13 13:50:00,0
TX000556,admin,transfer,10445.96,mobile,2,2026-04-22 10:23:00,0
TX000557,admin,deposit,9436.98,atm,1,2026-04-16 08:44:00,0
TX000558,admin,deposit,3260.14,atm,3,2026-04-20 10:12:00,0
TX000559,emp_finance01,withdrawal,1251.05,wire,0,2026-04-21 10:41:00,0
TX000560,admin,deposit,7800.3,ach,3,2026-04-08 14:50:00,0
TX000561,analyst,transfer,30217.65,ach,11,2026-04-19 22:11:00,1
TX000562,admin,deposit,10848.52,atm,2,2026-04-22 14:02:00,0
TX000563,user01,deposit,143714.25,ach,14,2026-04-09 00:48:00,1
TX000564,admin,payment,14918.73,ach,7,2026-04-12 00:40:00,1
TX000565,admin,payment,37691.4,wire,14,2026-04-08 22:30:00,1
TX000566,admin,payment,7822.53,mobile,2,2026-04-11 08:50:00,0
TX000567,emp_finance01,withdrawal,10291.44,ach,0,2026-04-18 17:31:00,0
TX000568,emp_finance01,withdrawal,20317.68,ach,10,2026-04-22 04:47:00,1
TX000569,admin,transfer,5280.06,atm,1,2026-04-15 12:11:00,0
TX000570,emp_finance02,deposit,7739.42,branch,3,2026-04-10 15:24:00,0
TX000571,analyst,deposit,9380.3,atm,0,2026-04-20 09:29:00,0
TX000572,emp_finance02,deposit,7587.05,mobile,3,2026-04-15 14:16:00,0
TX000573,admin,payment,9528.02,wire,0,2026-04-21 16:58:00,0
TX000574,admin,deposit,9090.36,wire,0,2026-04-18 12:41:00,0
TX000575,emp_finance02,payment,5997.75,ach,2,2026-04-12 16:44:00,0
TX000576,analyst,payment,14242.41,branch,14,2026-04-21 02:43:00,1
TX000577,emp_finance01,transfer,2030.13,mobile,1,2026-04-13 08:40:00,0
TX000578,analyst,transfer,1056.66,wire,1,2026-04-18 09:18:00,0
TX000579,user01,transfer,9707.93,wire,1,2026-04-10 12:04:00,0
TX000580,emp_finance02,deposit,9032.95,branch,3,2026-04-21 10:31:00,0
TX000581,user01,transfer,10162.53,mobile,0,2026-04-08 11:28:00,0
TX000582,emp_finance01,transfer,20269.68,wire,13,2026-04-20 02:41:00,1
TX000583,analyst,transfer,5606.44,ach,3,2026-04-15 16:27:00,0
TX000584,user01,deposit,10757.05,mobile,2,2026-04-17 09:43:00,0
TX000585,user01,withdrawal,8362.67,branch,3,2026-04-10 09:49:00,0
TX000586,user01,deposit,10642.94,mobile,0,2026-04-12 14:44:00,0
TX000587,emp_finance02,deposit,3515.11,wire,0,2026-04-11 11:37:00,0
TX000588,user01,transfer,22155.12,wire,6,2026-04-17 02:03:00,1
TX000589,admin,withdrawal,34021.44,mobile,14,2026-04-20 00:47:00,1
TX000590,emp_finance02,transfer,33576.44,branch,6,2026-04-19 23:44:00,1
TX000591,emp_finance01,transfer,7239.21,mobile,1,2026-04-09 15:37:00,0
TX000592,analyst,payment,6397.42,mobile,2,2026-04-10 14:53:00,0
TX000593,emp_finance01,payment,4616.22,branch,1,2026-04-17 08:04:00,0
TX000594,emp_finance01,withdrawal,1361.05,mobile,1,2026-04-08 15:37:00,0
TX000595,emp_finance01,withdrawal,5064.91,mobile,3,2026-04-21 08:00:00,0
TX000596,user01,deposit,9134.93,wire,1,2026-04-20 10:40:00,0
TX000597,user01,payment,1412.9,wire,0,2026-04-12 15:52:00,0
TX000598,admin,withdrawal,93306.0,wire,11,2026-04-09 23:48:00,1
TX000599,analyst,deposit,5281.43,branch,1,2026-04-12 09:54:00,0
TX000600,user01,deposit,13782.91,mobile,9,2026-04-16 04:16:00,1
TX000601,emp_finance01,transfer,55753.6,branch,6,2026-04-15 01:32:00,1
TX000602,user01,withdrawal,4749.8,mobile,1,2026-04-10 13:07:00,0
TX000603,emp_finance01,deposit,3312.51,branch,3,2026-04-13 09:31:00,0
TX000604,user01,payment,8712.24,branch,3,2026-04-11 10:12:00,0
TX000605,analyst,deposit,10274.66,branch,0,2026-04-09 10:29:00,0
TX000606,emp_finance02,transfer,1774.43,wire,1,2026-04-13 17:35:00,0
TX000607,analyst,withdrawal,11982.66,branch,2,2026-04-22 15:46:00,0
TX000608,emp_finance01,deposit,4644.15,ach,0,2026-04-16 17:02:00,0
TX000609,admin,transfer,153879.95,wire,13,2026-04-19 22:05:00,1
TX000610,emp_finance02,deposit,1079.04,ach,3,2026-04-12 08:19:00,0
TX000611,user01,deposit,214.82,mobile,1,2026-04-10 14:55:00,0
TX000612,user01,withdrawal,11573.74,mobile,0,2026-04-18 16:27:00,0
TX000613,analyst,transfer,11728.97,atm,0,2026-04-16 08:23:00,0
TX000614,emp_finance01,deposit,5192.42,ach,2,2026-04-19 10:34:00,0
TX000615,admin,deposit,5628.69,atm,2,2026-04-08 13:17:00,0
TX000616,admin,payment,121426.82,wire,14,2026-04-12 22:52:00,1
TX000617,analyst,withdrawal,6403.23,atm,3,2026-04-21 11:05:00,0
TX000618,emp_finance02,transfer,634.04,atm,3,2026-04-20 10:55:00,0
TX000619,emp_finance01,payment,11726.89,branch,3,2026-04-15 13:47:00,0
TX000620,user01,deposit,19666.83,ach,15,2026-04-17 22:41:00,1
TX000621,user01,withdrawal,10193.87,atm,1,2026-04-08 12:50:00,0
TX000622,emp_finance02,withdrawal,2987.78,ach,2,2026-04-18 10:29:00,0
TX000623,user01,withdrawal,7786.18,wire,1,2026-04-21 10:02:00,0
TX000624,analyst,withdrawal,1492.28,ach,2,2026-04-20 13:23:00,0
TX000625,emp_finance02,transfer,9618.25,ach,3,2026-04-08 10:20:00,0
TX000626,analyst,payment,10821.81,mobile,1,2026-04-10 12:36:00,0
TX000627,emp_finance02,deposit,7203.39,atm,0,2026-04-16 12:39:00,0
TX000628,emp_finance01,deposit,56281.9,mobile,10,2026-04-19 01:01:00,1
TX000629,analyst,payment,3167.5,wire,3,2026-04-20 13:45:00,0
TX000630,analyst,deposit,9405.42,wire,0,2026-04-19 16:46:00,0
TX000631,admin,transfer,11881.44,branch,1,2026-04-09 14:37:00,0
TX000632,analyst,payment,11470.1,wire,3,2026-04-21 09:00:00,0
TX000633,user01,deposit,139734.59,mobile,8,2026-04-09 03:24:00,1
TX000634,emp_finance01,withdrawal,10340.83,atm,3,2026-04-19 16:01:00,0
TX000635,emp_finance02,transfer,5131.63,mobile,3,2026-04-20 12:31:00,0
TX000636,user01,deposit,11882.5,mobile,3,2026-04-13 17:27:00,0
TX000637,analyst,withdrawal,8070.18,atm,0,2026-04-20 10:20:00,0
TX000638,emp_finance01,withdrawal,25843.96,branch,10,2026-04-18 02:33:00,1
TX000639,user01,transfer,8668.54,ach,2,2026-04-18 13:43:00,0
TX000640,emp_finance02,transfer,8051.59,branch,3,2026-04-16 13:21:00,0
TX000641,emp_finance01,withdrawal,90328.27,mobile,13,2026-04-08 22:04:00,1
TX000642,user01,transfer,9450.27,mobile,2,2026-04-20 17:45:00,0
TX000643,emp_finance01,deposit,6857.39,mobile,1,2026-04-19 12:08:00,0
TX000644,admin,transfer,203811.92,wire,7,2026-04-22 03:50:00,1
TX000645,admin,withdrawal,96867.56,ach,7,2026-04-10 01:07:00,1
TX000646,user01,withdrawal,1494.56,ach,2,2026-04-13 10:22:00,0
TX000647,emp_finance02,payment,4911.39,branch,0,2026-04-14 09:13:00,0
TX000648,admin,withdrawal,4306.27,wire,3,2026-04-17 11:44:00,0
TX000649,analyst,transfer,11338.97,atm,1,2026-04-14 14:14:00,0
TX000650,emp_finance01,transfer,16485.11,atm,10,2026-04-14 00:46:00,1
TX000651,user01,deposit,9827.78,branch,1,2026-04-14 15:26:00,0
TX000652,emp_finance01,deposit,11209.75,wire,0,2026-04-12 10:31:00,0
TX000653,emp_finance02,transfer,8476.87,atm,0,2026-04-11 14:59:00,0
TX000654,analyst,payment,10379.84,ach,1,2026-04-09 09:27:00,0
TX000655,analyst,deposit,11203.94,ach,3,2026-04-12 13:38:00,0
TX000656,emp_finance02,transfer,8432.15,mobile,3,2026-04-19 15:40:00,0
TX000657,user01,withdrawal,6645.89,atm,3,2026-04-13 10:43:00,0
TX000658,analyst,deposit,8306.07,ach,1,2026-04-18 15:42:00,0
TX000659,emp_finance01,deposit,2762.05,wire,3,2026-04-08 08:58:00,0
TX000660,emp_finance02,deposit,3023.17,wire,2,2026-04-08 10:45:00,0
TX000661,admin,deposit,191723.25,wire,13,2026-04-12 23:35:00,1
TX000662,user01,payment,8222.95,atm,3,2026-04-13 15:43:00,0
TX000663,user01,deposit,16230.54,mobile,15,2026-04-22 04:48:00,1
TX000664,user01,transfer,7935.73,mobile,1,2026-04-19 11:41:00,0
TX000665,analyst,deposit,8679.12,atm,3,2026-04-12 08:55:00,0
TX000666,admin,transfer,12733.8,wire,15,2026-04-16 22:20:00,1
TX000667,analyst,withdrawal,23086.93,wire,15,2026-04-18 03:23:00,1
TX000668,admin,deposit,7793.38,branch,2,2026-04-22 12:19:00,0
TX000669,admin,deposit,7664.37,wire,2,2026-04-18 17:04:00,0
TX000670,admin,payment,10606.15,branch,2,2026-04-16 16:42:00,0
TX000671,emp_finance02,deposit,2025.09,atm,1,2026-04-13 08:31:00,0
TX000672,user01,deposit,10457.69,branch,0,2026-04-14 17:12:00,0
TX000673,emp_finance01,withdrawal,11062.12,wire,2,2026-04-09 14:53:00,0
TX000674,emp_finance02,transfer,2310.62,branch,1,2026-04-21 14:09:00,0
TX000675,user01,withdrawal,9941.53,mobile,0,2026-04-19 14:10:00,0
TX000676,emp_finance01,transfer,6432.23,atm,3,2026-04-10 08:01:00,0
TX000677,emp_finance02,withdrawal,11602.3,mobile,0,2026-04-16 13:53:00,0
TX000678,emp_finance01,payment,8482.57,atm,0,2026-04-19 15:38:00,0
TX000679,emp_finance02,withdrawal,5903.15,atm,1,2026-04-20 14:06:00,0
TX000680,user01,deposit,10357.92,wire,2,2026-04-11 16:07:00,0
TX000681,user01,transfer,7707.26,ach,3,2026-04-11 13:23:00,0
TX000682,analyst,payment,196587.19,atm,9,2026-04-18 00:35:00,1
TX000683,analyst,payment,5488.28,atm,3,2026-04-22 15:58:00,0
TX000684,user01,deposit,213655.08,mobile,8,2026-04-08 01:28:00,1
TX000685,user01,deposit,11117.83,mobile,3,2026-04-08 15:53:00,0
TX000686,emp_finance01,transfer,10025.34,branch,2,2026-04-15 14:44:00,0
TX000687,emp_finance01,transfer,8544.37,branch,2,2026-04-17 11:36:00,0
TX000688,analyst,deposit,5714.24,branch,3,2026-04-10 17:20:00,0
TX000689,emp_finance02,deposit,11307.07,wire,0,2026-04-16 11:23:00,0
TX000690,analyst,withdrawal,7077.04,atm,1,2026-04-08 16:05:00,0
TX000691,user01,withdrawal,9604.14,ach,2,2026-04-20 17:05:00,0
TX000692,emp_finance02,withdrawal,26360.24,atm,13,2026-04-21 01:14:00,1
TX000693,emp_finance02,deposit,3963.46,branch,1,2026-04-09 17:18:00,0
TX000694,user01,deposit,9160.77,mobile,3,2026-04-08 11:15:00,0
TX000695,analyst,payment,22667.12,mobile,9,2026-04-11 00:24:00,1
TX000696,admin,transfer,57044.22,mobile,11,2026-04-13 22:42:00,1
TX000697,emp_finance01,withdrawal,9210.03,atm,1,2026-04-08 13:35:00,0
TX000698,admin,deposit,23192.83,branch,7,2026-04-17 03:45:00,1
TX000699,user01,payment,11914.07,ach,2,2026-04-08 12:27:00,0
TX000700,emp_finance02,deposit,10067.89,mobile,2,2026-04-11 10:31:00,0
TX000701,analyst,transfer,8732.57,wire,1,2026-04-11 12:29:00,0
TX000702,emp_finance02,transfer,35397.96,atm,13,2026-04-21 22:54:00,1
TX000703,admin,withdrawal,222975.49,ach,14,2026-04-09 00:17:00,1
TX000704,analyst,transfer,52.92,atm,0,2026-04-19 14:49:00,0
TX000705,user01,withdrawal,34461.1,mobile,15,2026-04-08 04:06:00,1
TX000706,emp_finance01,payment,33764.8,mobile,10,2026-04-13 00:42:00,1
TX000707,user01,payment,7608.15,mobile,0,2026-04-10 11:41:00,0
TX000708,analyst,transfer,4386.31,mobile,2,2026-04-20 14:15:00,0
TX000709,analyst,payment,11117.97,ach,0,2026-04-18 10:31:00,0
TX000710,analyst,payment,181431.66,ach,13,2026-04-08 22:24:00,1
TX000711,analyst,transfer,9690.15,mobile,1,2026-04-16 17:40:00,0
TX000712,analyst,transfer,7786.71,wire,0,2026-04-18 15:29:00,0
TX000713,emp_finance01,transfer,10737.26,mobile,3,2026-04-18 11:36:00,0
TX000714,admin,transfer,9652.08,ach,2,2026-04-17 17:16:00,0
TX000715,analyst,payment,196805.81,atm,12,2026-04-22 01:05:00,1
TX000716,emp_finance01,payment,10681.04,mobile,1,2026-04-19 13:11:00,0
TX000717,analyst,deposit,162.96,atm,3,2026-04-15 10:44:00,0
TX000718,emp_finance01,withdrawal,9442.92,mobile,0,2026-04-20 12:08:00,0
TX000719,emp_finance02,deposit,5574.34,ach,3,2026-04-12 11:09:00,0
TX000720,emp_finance02,deposit,9853.7,wire,0,2026-04-21 14:10:00,0
TX000721,emp_finance01,transfer,6881.18,wire,3,2026-04-22 12:21:00,0
TX000722,admin,deposit,10948.31,branch,3,2026-04-16 08:31:00,0
TX000723,analyst,deposit,9688.02,mobile,0,2026-04-18 16:57:00,0
TX000724,emp_finance02,deposit,9387.06,atm,1,2026-04-18 08:46:00,0
TX000725,user01,deposit,10350.63,wire,3,2026-04-20 17:56:00,0
TX000726,emp_finance01,deposit,10938.34,branch,1,2026-04-18 10:44:00,0
TX000727,admin,transfer,28242.13,mobile,10,2026-04-19 22:13:00,1
TX000728,user01,deposit,2101.25,mobile,0,2026-04-10 16:04:00,0
TX000729,admin,payment,8896.38,branch,2,2026-04-10 13:02:00,0
TX000730,emp_finance01,transfer,6992.09,ach,3,2026-04-10 08:29:00,0
TX000731,emp_finance01,withdrawal,6869.93,atm,0,2026-04-20 16:40:00,0
TX000732,user01,payment,26570.09,branch,7,2026-04-20 00:41:00,1
TX000733,admin,withdrawal,86387.52,mobile,13,2026-04-17 03:18:00,1
TX000734,emp_finance02,deposit,5727.29,wire,3,2026-04-10 10:14:00,0
TX000735,emp_finance01,transfer,11807.36,mobile,3,2026-04-20 08:49:00,0
TX000736,emp_finance02,transfer,11089.49,ach,3,2026-04-10 08:02:00,0
TX000737,user01,withdrawal,11543.13,wire,2,2026-04-22 13:52:00,0
TX000738,user01,transfer,10177.7,mobile,3,2026-04-10 13:12:00,0
TX000739,admin,payment,3132.15,ach,2,2026-04-19 16:05:00,0
TX000740,admin,transfer,8093.69,mobile,2,2026-04-11 11:27:00,0
TX000741,admin,transfer,2092.86,wire,0,2026-04-15 08:19:00,0
TX000742,admin,withdrawal,1904.06,wire,2,2026-04-18 13:42:00,0
TX000743,analyst,deposit,1996.11,mobile,3,2026-04-21 13:09:00,0
TX000744,admin,deposit,132101.78,ach,7,2026-04-17 22:43:00,1
TX000745,analyst,deposit,11488.06,branch,3,2026-04-11 14:59:00,0
TX000746,emp_finance01,withdrawal,71060.42,wire,14,2026-04-09 00:33:00,1
TX000747,user01,payment,11776.28,mobile,3,2026-04-21 09:07:00,0
TX000748,emp_finance02,withdrawal,9219.7,ach,2,2026-04-15 12:01:00,0
TX000749,analyst,transfer,9220.66,mobile,1,2026-04-09 11:47:00,0
TX000750,user01,deposit,8178.73,wire,2,2026-04-13 17:28:00,0
TX000751,analyst,withdrawal,6672.79,atm,3,2026-04-10 16:28:00,0
TX000752,emp_finance01,deposit,32578.45,atm,12,2026-04-17 03:34:00,1
TX000753,emp_finance01,withdrawal,10828.83,ach,0,2026-04-12 16:35:00,0
TX000754,admin,withdrawal,6065.77,mobile,0,2026-04-21 15:42:00,0
TX000755,emp_finance01,deposit,11318.76,mobile,2,2026-04-16 09:37:00,0
TX000756,emp_finance01,withdrawal,8096.23,atm,2,2026-04-21 14:07:00,0
TX000757,user01,withdrawal,14957.74,mobile,8,2026-04-22 22:39:00,1
TX000758,emp_finance01,transfer,2398.23,branch,2,2026-04-18 14:24:00,0
TX000759,analyst,deposit,8945.96,mobile,2,2026-04-22 09:20:00,0
TX000760,admin,withdrawal,3271.8,atm,0,2026-04-19 12:48:00,0
TX000761,emp_finance02,deposit,3578.94,ach,2,2026-04-14 10:10:00,0
TX000762,analyst,payment,9858.61,ach,0,2026-04-22 10:59:00,0
TX000763,admin,transfer,5446.38,atm,2,2026-04-22 17:10:00,0
TX000764,user01,payment,39406.44,atm,9,2026-04-13 22:32:00,1
TX000765,user01,transfer,9092.05,branch,1,2026-04-15 13:38:00,0
TX000766,analyst,deposit,36.34,ach,3,2026-04-14 10:57:00,0
TX000767,user01,deposit,224727.66,ach,13,2026-04-12 01:07:00,1
TX000768,emp_finance02,deposit,1433.95,mobile,3,2026-04-17 09:59:00,0
TX000769,user01,withdrawal,9124.54,branch,0,2026-04-09 11:39:00,0
TX000770,analyst,transfer,8147.18,atm,1,2026-04-22 17:12:00,0
TX000771,emp_finance02,payment,3962.21,ach,1,2026-04-11 09:04:00,0
TX000772,admin,payment,10915.6,ach,0,2026-04-11 11:43:00,0
TX000773,user01,transfer,35.6,ach,3,2026-04-09 13:26:00,0
TX000774,admin,deposit,2904.55,atm,2,2026-04-08 08:26:00,0
TX000775,emp_finance01,withdrawal,84894.67,branch,9,2026-04-11 00:27:00,1
TX000776,emp_finance01,payment,108715.2,atm,13,2026-04-16 02:51:00,1
TX000777,admin,deposit,3799.14,mobile,1,2026-04-21 13:49:00,0
TX000778,emp_finance01,withdrawal,4639.9,mobile,3,2026-04-17 08:56:00,0
TX000779,admin,transfer,9205.88,atm,0,2026-04-12 09:03:00,0
TX000780,analyst,deposit,10469.21,ach,0,2026-04-15 11:24:00,0
TX000781,emp_finance01,transfer,2730.14,mobile,2,2026-04-13 15:12:00,0
TX000782,user01,payment,559.0,wire,1,2026-04-12 17:32:00,0
TX000783,admin,deposit,4974.39,ach,0,2026-04-20 08:19:00,0
TX000784,user01,payment,6039.9,atm,3,2026-04-18 10:38:00,0
TX000785,admin,transfer,4151.09,wire,1,2026-04-14 08:52:00,0
TX000786,analyst,deposit,7812.56,ach,2,2026-04-19 09:42:00,0
TX000787,emp_finance02,transfer,10264.39,wire,2,2026-04-16 17:21:00,0
TX000788,emp_finance02,withdrawal,7286.13,wire,1,2026-04-15 11:39:00,0
TX000789,emp_finance01,payment,9326.06,mobile,3,2026-04-20 11:52:00,0
TX000790,user01,transfer,15801.25,mobile,9,2026-04-12 22:37:00,1
TX000791,emp_finance02,withdrawal,8875.78,branch,2,2026-04-09 10:35:00,0
TX000792,emp_finance01,payment,217790.69,branch,8,2026-04-16 01:41:00,1
TX000793,emp_finance01,transfer,1936.4,branch,3,2026-04-08 16:45:00,0
TX000794,emp_finance02,transfer,8758.56,ach,2,2026-04-13 13:27:00,0
TX000795,user01,withdrawal,6838.39,ach,1,2026-04-22 13:40:00,0
TX000796,analyst,payment,7088.96,wire,0,2026-04-20 15:32:00,0
TX000797,analyst,transfer,10849.95,branch,3,2026-04-18 15:37:00,0
TX000798,analyst,withdrawal,11452.67,atm,2,2026-04-16 11:56:00,0
TX000799,emp_finance01,deposit,11006.49,ach,2,2026-04-19 15:37:00,0
